,Department code,R1 Department Winner
1031,95,MACRON
1020,94,MACRON
1010,93,MÉLENCHON
998,92,MACRON
987,91,MACRON
975,90,LE PEN
966,9,MÉLENCHON
953,89,LE PEN
942,88,LE PEN
932,87,MACRON
921,86,MACRON
910,85,MACRON
898,84,LE PEN
887,83,LE PEN
876,82,LE PEN
865,81,LE PEN
854,80,LE PEN
843,8,LE PEN
833,79,MACRON
822,78,MACRON
811,77,MACRON
799,76,LE PEN
789,75,MACRON
774,74,FILLON
767,73,MACRON
752,72,FILLON
744,71,LE PEN
733,70,LE PEN
722,7,LE PEN
712,69,MACRON
700,68,LE PEN
689,67,LE PEN
678,66,LE PEN
668,65,MACRON
657,64,MACRON
646,63,MACRON
634,62,LE PEN
620,61,FILLON
612,60,LE PEN
601,6,LE PEN
590,59,LE PEN
579,58,LE PEN
568,57,LE PEN
558,56,MACRON
546,55,LE PEN
535,54,LE PEN
521,53,FILLON
513,52,LE PEN
502,51,LE PEN
492,50,MACRON
481,5,MACRON
470,49,MACRON
455,48,FILLON
447,47,LE PEN
437,46,MACRON
425,45,LE PEN
415,44,MACRON
404,43,MACRON
392,42,LE PEN
381,41,LE PEN
371,40,MACRON
359,4,LE PEN
348,39,LE PEN
338,38,MACRON
327,37,MACRON
315,36,LE PEN
305,35,MACRON
293,34,LE PEN
283,33,MACRON
272,32,MACRON
261,31,MACRON
249,30,LE PEN
239,3,MACRON
228,29,MACRON
216,28,LE PEN
205,27,LE PEN
194,26,LE PEN
183,25,LE PEN
174,24,MÉLENCHON
162,23,MACRON
151,22,MACRON
140,21,MACRON
128,2,LE PEN
118,19,MACRON
106,18,LE PEN
96,17,MACRON
85,16,MACRON
74,15,MACRON
63,14,MACRON
51,13,LE PEN
41,12,MACRON
29,11,LE PEN
18,10,LE PEN
7,1,LE PEN
